{
  "Template": {
    "TemplateName": "MyTemplate",
    "SubjectPart": "Enquiry from, {{name}}!",
    "HtmlPart": "<html><head><style> table { font-family: Arial, Helvetica, sans-serif; border-collapse: collapse; width: 100%; margin: 20px; } td, th { border: 1px solid #ddd; padding: 8px; } tr:nth-child(even) { background-color: #f2f2f2; } tr:hover { background-color: #ddd; } th { padding-top: 12px; padding-bottom: 12px; text-align: left; background-color: orange; color: white; } </style></head> <body> <h1>Enquiry Details:</h1> <table> <tbody> <tr> <th>Field</th> <th>Value</th> </tr> <tr> <td>Name</td> <td>{{name}}</td> </tr> <tr> <td>Email</td> <td>{{email}}</td> </tr> <tr> <td>Mobile No.</td> <td>{{mobile}}</td> </tr> <tr> <td>Requirement</td> <td>{{requirement}}</td> </tr> <tr> <td>Product</td> <td>{{product}}</td> </tr> <tr> <td>Purpose</td> <td>{{purpose}}</td> </tr> <tr> <td>Quantity</td> <td>{{quantity}}</td> </tr> </tbody> </table> </body></html>",
    "TextPart": "Hello"
  }
}
